Category,Cookie name
Functional,cookiePreferences
Analytics,td
Functional,CookieConsent
Functional,CookieConsentBulkTicket
Functional,userlang
Functional,consentUUID
Functional,CrossConsent
Functional,1.gif
Functional,cb-currency
Functional,CookieConsentBulkSetting-
Functional,cookieconsent_variant
Functional,cookieconsent_system
Functional,cookieconsent_level
Functional,cookieconsent_seen
Functional,FPGSID
Analytics,_ga
Analytics,_gali
Analytics,_ga_
Analytics,_gid
Analytics,_gat
Analytics,_dc_gtm_
Analytics,AMP_TOKEN
Analytics,_gat_gtag_
Advertisment,_gac_
Analytics,__utma
Analytics,__utmt
Analytics,__utmb
Analytics,__utmc
Analytics,__utmz
Analytics,__utmv
Analytics,__utmx
Analytics,__utmxx
Advertisment,FPAU
Analytics,FPID
Analytics,FPLC
Functional,_GRECAPTCHA
Functional,__eoi
Functional,pm_sess
Functional,pm_sess_NNN
Functional,aboutads_sessNNN
Functional,ANID
Functional,GA_OPT_OUT
Advertisment,Conversion
Analytics,_opt_awkid
Analytics,_opt_awgid
Analytics,_opt_awmid
Analytics,_gaexp_rc
Analytics,_opt_awcid
Advertisment,PAIDCONTENT
Analytics,_opt_expid
Advertisment,_gcl_ha
Advertisment,_gcl_gf
Advertisment,_gcl_aw
Advertisment,_gcl_gs
Advertisment,_gcl_gb
Advertisment,_gac_gb_
Advertisment,FPGCLGB
Advertisment,FPGCLAW
Advertisment,__gsas
Advertisment,__gpi
Advertisment,__gpi_optout
Advertisment,GED_PLAYLIST_ACTIVITY
Advertisment,ACLK_DATA
Functional,_Secure-ENID
Functional,Secure-YEC
Functional,CGIC
Functional,_Secure-YEC
Advertisment,AdID
Advertisment,DSID
Advertisment,gcl
Advertisment,gac
Functional,AEC
Advertisment,ADS_VISITOR_ID
Advertisment,__Secure-3PSIDCC
Advertisment,__Secure-3PSIDTS
Advertisment,__Secure-1PSIDTS
Advertisment,__Secure-1PAPISID
Advertisment,__Secure-3PSID
Advertisment,__Secure-1PSID
Advertisment,__Secure-1PSIDCC
Advertisment,__Secure-3PAPISID
Advertisment,OGPC
Advertisment,OGP
Advertisment,1P_JAR
Functional,CONSENT
Functional,SOCS
Functional,ACCOUNT_CHOOSER
Functional,SMSV
Functional,__Host-1PLSID
Functional,__Host-3PLSID
Functional,__Host-GAPS
Functional,LSOLH
Functional,g_enabled_idps
Functional,G_AUTHUSER_H
Functional,__Secure-ENID
Functional,SEARCH_SAMESITE
Advertisment,AID
Advertisment,SID
Advertisment,HSID
Advertisment,APISID
Advertisment,SAPISID
Advertisment,SSID
Advertisment,SIDCC
Advertisment,OTZ
Advertisment,A
Advertisment,DV
Advertisment,NID
Advertisment,TAID
Advertisment,FPGCLDC
Advertisment,_gcl_au
Advertisment,_gcl_dc
Functional,_gaexp
Functional,GCLB
Analytics,FCCDCF
Analytics,FCNEC
Functional,receive-cookie-deprecation
Advertisment,_dcid
Advertisment,SNID
Advertisment,cookies_accepted
Functional,django_language
Advertisment,GN_PREF
Advertisment,OSID
Advertisment,__Secure-OSID
Advertisment,LSID
Advertisment,COMPASS
Advertisment,UULE
Advertisment,IDE
Advertisment,ID
Advertisment,RUL
Advertisment,FLC
Advertisment,__gads
Advertisment,GoogleAdServingTest
Advertisment,ar_debug
Functional,test_cookie
Advertisment,APC
Analytics,S1
Analytics,C1
Analytics,s_cc
Analytics,s_sq
Analytics,s_vi
Analytics,s_fid
Analytics,fid
Advertisment,s_ecid
Analytics,s_ppv
Analytics,s_tp
Functional,sat_track
Advertisment,demdex
Advertisment,dextp
Advertisment,dst
Advertisment,_dp
Advertisment,aam_uuid
Advertisment,AMCV_
Advertisment,AMCVS_
Advertisment,mbox
Functional,at_check
Functional,renderid
Advertisment,dpm
Advertisment,TPC
Advertisment,C
Advertisment,uid
Advertisment,cid
Advertisment,GCM
Advertisment,CM
Advertisment,CM14
Advertisment,token
Advertisment,otsid
Advertisment,adtrc
Advertisment,SR
Advertisment,CT
Advertisment,EBFCD
Advertisment,EBFC
Advertisment,CFFC
Advertisment,DigiTrust.v1.identity
Advertisment,adformfrpid
Advertisment,lu
Advertisment,xs
Advertisment,c_user
Advertisment,m_user
Advertisment,pl
Advertisment,dbln
Advertisment,aks
Advertisment,aksb
Advertisment,sfau
Advertisment,ick
Advertisment,csm
Advertisment,s
Advertisment,datr
Advertisment,sb
Advertisment,fr
Advertisment,oo
Advertisment,ddid
Advertisment,locale
Advertisment,_fbp
Advertisment,_fbc
Advertisment,js_ver
Advertisment,rc
Advertisment,campaign_click_url
Functional,wd
Advertisment,usida
Functional,presence
Advertisment,fl_inst
Advertisment,pvc2
Advertisment,pcc2
Advertisment,trc
Advertisment,tuuid
Advertisment,ad2
Advertisment,MR
Advertisment,MUID
Advertisment,MUIDB
Advertisment,MC1
Advertisment,MSFPC
Advertisment,_uetsid
Advertisment,_uetvid
Advertisment,ANON
Advertisment,ANONCHK
Advertisment,CC
Functional,PPAuth
Functional,MSPAuth
Functional,MSNRPSAuth
Functional,KievRPSAuth
Functional,WLSSC
Functional,MSPProf
Functional,MC0
Functional,MS0
Advertisment,NAP
Advertisment,MH
Advertisment,childinfo
Advertisment,kcdob
Advertisment,kcrelid
Advertisment,kcru
Advertisment,pcfm
Functional,x-ms-gateway-slice
Advertisment,ToptOut
Advertisment,ACH01
Functional,AADSSO
Functional,brcap
Functional,SRM_B
Advertisment,_RwBf
Advertisment,_HPVN
Advertisment,_UR
Advertisment,OID
Advertisment,OIDI
Advertisment,OIDR
Advertisment,BCP
Advertisment,BFBUSR
Advertisment,BFB
Advertisment,ACL
Advertisment,ACLUSR
Advertisment,MSPTC
Functional,buid
Functional,esctx
Functional,fpc
Functional,stsservicecookie
Functional,ARRAffinity
Functional,ARRAffinitySameSite
Functional,__AntiXsrfToken
Functional,.ASPXANONYMOUS
Functional,.ASPXAUTH
Functional,nSGt-
Functional,RpsContextCookie
Functional,ASLBSACORS
Functional,ASLBSA
Functional,ASPSESSIO
Functional,ApplicationGatewayAffinity
Functional,ApplicationGatewayAffinityCORS
Functional,VisitorStorageGuid
Functional,ai_session
Functional,ai_user
Functional,AADNonce.forms
Functional,DcLcid
Analytics,_clck
Analytics,_clsk
Analytics,SM
Analytics,CLID
Analytics,MicrosoftApplicationsTelemetryDeviceId
Functional,esctx-
Functional,isFirstSession
Functional,MSO
Analytics,X-FD-FEATURES
Analytics,X-FD-Time
Functional,ASP.NET_SessionId
Advertisment,guest_id
Advertisment,personalization_id
Advertisment,ct0
Advertisment,gt
Advertisment,guest_id_Advertisment
Advertisment,guest_id_ads
Advertisment,muc_ads
Advertisment,_twitter_sess
Advertisment,ads_prefs
Advertisment,auth_token
Functional,csrf_same_site
Functional,csrf_same_site_set
Advertisment,dnt
Advertisment,eu_cn
Advertisment,external_referer
Advertisment,kdt
Advertisment,remember_checked_on
Advertisment,rweb_optin
Advertisment,syndication_guest_id
Advertisment,twid
Advertisment,tfw_exp
Analytics,__insp_pad
Analytics,__insp_sid
Analytics,__insp_ref
Analytics,__insp_scpt
Analytics,__insp_nv
Analytics,__insp_wid
Analytics,__insp_uid
Analytics,__insp_dct
Analytics,CTK
Analytics,ctkgen
Functional,INDEED_CSRF_TOKEN
Analytics,jasx_pool_id
Analytics,pagead/conv/%INTEGER%
Analytics,tv_spot_tracker
Functional,cookie-consent-io
Functional,cookie-consent-io-timestamp
Functional,cookie-consent-io-gdpr
Advertisment,ccec_user
Advertisment,GPS
Advertisment,VISITOR_INFO1_LIVE
Functional,PREF
Functional,YSC
Functional,DEVICE_INFO
Functional,LOGIN_INFO
Advertisment,VISITOR_PRIVACY_METADATA
Advertisment,__Secure-ROLLOUT_TOKEN
Advertisment,__adm_ui
Advertisment,__adm_uiex
Advertisment,__adm_usyncc
Advertisment,uids
Functional,__cfduid
Functional,__cfruid
Functional,__cf_bm
Functional,cf_chl_2
Functional,__cflb
Functional,_cfuvid
Functional,cf_clearance
Functional,__cfseq
Functional,cf_ob_info
Functional,cf_use_ob
Functional,__cfwaitingroom
Functional,cf_chl_rc_i
Functional,cf_chl_rc_ni
Functional,cf_chl_rc_m
Advertisment,__uin_bw
Advertisment,__uir_bw
Advertisment,__uis
Advertisment,HAPLB5S
Advertisment,__uin_mm
Advertisment,__uir_mm
Advertisment,HAPLB8
Advertisment,_dbefe
Analytics,_hjHasCachedUserAttributes
Analytics,_hjid
Analytics,hj_visitor
Analytics,_hjIncludedInSample
Analytics,_hjClosedSurveyInvites
Analytics,_hjDonePolls
Analytics,_hjMinimizedPolls
Analytics,_hjDoneTestersWidgets
Analytics,_hjMinimizedTestersWidgets
Analytics,_hjShownFeedbackMessage
Functional,_hjTLDTest
Functional,_hjUserAttributesHash
Analytics,_hjCachedUserAttributes
Functional,_hjLocalStorageTest
Functional,_hjptid
Functional,_hjAbsoluteSessionInProgress
Functional,_hjFirstSeen
Functional,_hjIncludedInPageviewSample
Functional,_hjIncludedInSessionSample
Functional,_hjSession_
Functional,_hjSessionUser_
Functional,_hjSessionTooLarge
Functional,_hjSessionRejected
Functional,_hjSessionResumed
Functional,hjViewportId
Functional,_hjSessionStorageTest
Functional,_hjCookieTest
Advertisment,ac_enable_tracking
Advertisment,prism_
Functional,ASP.NET_Sessio
Functional,ASP.NET_Sessio_Fallback
Functional,JSESSIO
Functional,ORA_WWV_APP_
Analytics,ELOQUA
Analytics,ELQSTATUS
Functional,laravel_session
Functional,PHPSESSID
Functional,__Secure-PHPSESSID
Functional,XSRF-TOKEN
Advertisment,lidc
Advertisment,bcookie
Advertisment,bscookie
Advertisment,trkCode
Advertisment,trkInfo
Advertisment,li_oatml
Advertisment,liap
Advertisment,lissc
Advertisment,spectroscopyId
Advertisment,UserMatchHistory
Functional,lang
Functional,li_gc
Functional,li_rm
Analytics,AnalyticsSyncHistory
Analytics,ln_or
Advertisment,li_sugr
Functional,sdsc
Functional,li_mc
Advertisment,lms_ads
Advertisment,_guid
Advertisment,BizographicsOptOut
Advertisment,IRLD
Analytics,l_page
Advertisment,ABSELB
Advertisment,brwsr
Functional,lihc_auth_
Functional,li_a
Functional,li_ep_auth_context
Functional,fcookie
Functional,ccookie
Functional,chp_token
Functional,li_cu
Functional,denial-client-ip
Functional,denial-reason-code
Functional,rtc
Functional,li_referer
Functional,f_token
Functional,li_apfcdc
Functional,li_odapfcc
Functional,ac_L
Functional,ac_LD
Functional,recent_history_status
Functional,all_u_b
Functional,uh
Functional,pushPermInfo
Functional,pushPermState
Functional,wwepo
Functional,li_ec
Functional,li_gpc
Functional,li_gp
Functional,PLAY_FLASH
Functional,PLAY_LANG
Functional,PLAY_SESSION
Functional,redirectFromM2MInviteAccept
Functional,redirectFromM2MInviteSent
Functional,cookie.policy.banner.eu
Functional,cookie.policy.banner.nl
Functional,appName
Functional,appLang
Functional,lls-integration
Functional,feed-sort
Functional,abiRedirect
Functional,lil-lang
Functional,li_alerts
Functional,li_theme
Functional,integration_type
Functional,li_theme_set
Functional,lms_analytics
Functional,li_fat_id
Functional,li_giant
Analytics,queryString
Analytics,VID
Functional,recent_history
Analytics,sharebox-suggestion
Analytics,li_cc
Analytics,lss_bundle_viewer
Analytics,interstitial_page_reg_oauth_url
Analytics,df_ts
Analytics,li_feed_xray
Analytics,oribi_user_guid
Analytics,oribi_cookie_test
Functional,AWSALB
Functional,AWSALBCORS
Functional,AWSELBCORS
Functional,AWSELB
Functional,AWSALBTGCORS
Functional,AWSALBTG
Functional,aws-csds-token
Functional,aws_lang
Analytics,aws-target-visitor-id
Functional,aws-priv
Advertisment,ad-id
Advertisment,ad-privacy
Advertisment,CMID
Advertisment,CMPRO
Advertisment,CMPS
Advertisment,CMRUM3
Advertisment,CMST
Advertisment,cookieJartestCookie
Advertisment,obuid
Advertisment,apnxs
Advertisment,criteo
Advertisment,mdfrc
Advertisment,adrl
Advertisment,ttd
Advertisment,recs
Functional,_cq_duid
Functional,_cq_suid
Advertisment,jpxumaster
Advertisment,jpxumatched
Advertisment,PUBMDCID
Advertisment,pp
Advertisment,SPugT
Advertisment,KADUSERCOOKIE
Advertisment,PUBRETARGET
Advertisment,KCCH
Advertisment,SyncRTB
Advertisment,DPSync
Advertisment,ADUSERCOOKIE
Advertisment,PugT
Advertisment,KRTBCOOKIE_
Analytics,f5_cspm
Functional,KTPCACOOKIE
Functional,COKENBLD
Advertisment,USCC
Advertisment,DPPIX_ON
Advertisment,SYNCUPPIX_ON
Functional,PUBUIDSYNCUPFQ
Advertisment,camfreq_
Advertisment,pubfreq_
Functional,pubtime_
Functional,PMFREQ_ON
Advertisment,DPFQ
Advertisment,pi
Functional,FPtrust
Functional,_curtime
Functional,PMDTSHR
Functional,chk
Functional,chkSecSet
Functional,chkChromeAb67
Functional,chkChromeAb67Sec
Functional,pubsyncexp
Functional,ipc
Functional,Kiyohnl
Advertisment,id5
Advertisment,cip
Advertisment,car
Advertisment,callback
Advertisment,cnac
Advertisment,cf
Functional,gdpr
Functional,gpp
Advertisment,UIDR
Advertisment,PID
Advertisment,XID
Advertisment,SEUNCY
Advertisment,ljt_reader
Advertisment,rek_content
Advertisment,um
Advertisment,umeh
Advertisment,BSWtracker
Advertisment,_rxuuid
Advertisment,AA003
Advertisment,ATN
Advertisment,tt_viewer
Advertisment,tt_bluekai
Advertisment,tt_exelate
Advertisment,tt_liveramp
Advertisment,tt_neustar
Advertisment,tt_salesforce
Functional,cfid
Functional,cftoken
Advertisment,um2
Advertisment,tuuid_lu
Advertisment,uu
Advertisment,cct
Advertisment,tu
Advertisment,betweendigital.com
Functional,ss
Advertisment,st_csd
Advertisment,st_cs
Advertisment,st_uid
Advertisment,st_cnt
Advertisment,st_chc
Advertisment,st_ssp
Advertisment,cnfq
Advertisment,lcsrc
Functional,dyncdn
Advertisment,gid
Advertisment,csfq
Advertisment,partner-
Analytics,vs
Advertisment,Comp
Advertisment,Pwb
Functional,Pdomid
Advertisment,sasd
Advertisment,sasd2
Advertisment,TestIfCookie
Advertisment,csync
Advertisment,TestIfCookieP
Analytics,pbw
Advertisment,lcsrd
Functional,.AspNetCore.Antiforgery.
Advertisment,unruly_m
Advertisment,bdswch
Advertisment,lidid
Advertisment,_li_ss
Advertisment,tluid
Advertisment,tluidp
Advertisment,optout
Advertisment,sync
Advertisment,t_gid
Functional,t_pt_gid
Advertisment,taboola_session_id
Functional,taboola_select
Functional,taboola_fp_td_user_id
Functional,_tb_sess_r
Advertisment,_tb_t_ppg
Analytics,abLdr
Analytics,abMbl
Analytics,tb_click_param
Advertisment,i
Advertisment,univ_id
Advertisment,pd
Advertisment,OAID
Advertisment,OAGEO
Advertisment,DG_HID
Advertisment,DG_IID
Advertisment,DG_SID
Advertisment,DG_UID
Advertisment,DG_ZID
Advertisment,DG_ZUID
Functional,fonts-loaded
Functional,html-classes
Functional,SNLB2
Functional,lz_last_visit
Functional,lz_userid
Functional,lz_visits
Functional,.secureclient
Functional,.securesession
Functional,.stateflags
Functional,.auth
Advertisment,advst_uid_11
Advertisment,DISPATCHER
Advertisment,DSP_UID
Analytics,picreel_tracker__visited
Analytics,picreel_tracker__first_visit
Analytics,picreel_tracker__page_views
Analytics,picreel_new_price
Analytics,__auc
Analytics,ajs_user_id
Analytics,ajs_anonymous_id
Analytics,ajs_group_id
Analytics,__asc
Analytics,__insp_norec_sess
Analytics,__insp_slim
Analytics,__insp_targlpt
Analytics,__insp_targlpu
Functional,__RequestVerificationToken
Advertisment,_cc_aud
Advertisment,_cc_cc
Advertisment,_cc_id
Advertisment,panoramaId
Advertisment,panoramaId_expiry
Advertisment,panoramaId_expiry_exp
Advertisment,_cc_domain
Advertisment,ab
Advertisment,bkdc
Advertisment,bku
Advertisment,everest_g_v2
Advertisment,everest_session_v2
Advertisment,ev_tm
Advertisment,_tmae
Advertisment,_lcc
Advertisment,ev_sync_ax
Advertisment,ev_sync_bk
Advertisment,ev_sync_dd
Advertisment,ev_sync_fs
Advertisment,ev_sync_ix
Advertisment,ev_sync_nx
Advertisment,ev_sync_ox
Advertisment,ev_sync_pm
Advertisment,ev_sync_rc
Advertisment,ev_sync_tm
Advertisment,ev_sync_yh
Advertisment,adcloud
Advertisment,id_adcloud
Advertisment,mt_misc
Advertisment,mt_mop
Advertisment,pl_user_id
Advertisment,pxrc
Advertisment,rlas3
Advertisment,TapAd_DID
Advertisment,TapAd_TS
Advertisment,TapAd_3WAY_SYNCS
Advertisment,TDCPM
Advertisment,TDID
Advertisment,uid-bp-
Advertisment,MRM_UID
Advertisment,uuidc
Advertisment,zc
Advertisment,zsc
Advertisment,zi
Advertisment,idp
Advertisment,zuc
Advertisment,amplitude_id
Functional,csrf-canary
Advertisment,3pi
Advertisment,am-uid
Advertisment,_cc_dc
Advertisment,bkpa
Advertisment,_ljtrtb_
Advertisment,ljtrtb
Advertisment,uuid
Functional,_pinterest_cm
Functional,_pinterest_sess
Advertisment,_pin_unauth
Advertisment,_pinterest_ct_ua
Advertisment,sessionFunnelEventLogged
Advertisment,_routing_id
Advertisment,_derived_epik
Advertisment,_pinterest_ct
Advertisment,_pinterest_ct_rt
Advertisment,_epik
Functional,Nop.customer
Functional,NopCommerce.RecentlyViewedProducts
Functional,NOPCOMMERCE.AUTH
Functional,tsrvid
Functional,form_key
Functional,product_data_storage
Functional,mage-cache-sessid
Functional,mage-cache-storage
Functional,mage-cache-storage-section-invalidation
Functional,mage-cache-timeout
Functional,mage-messages
Functional,mage-translation-file-version
Functional,mage-translation-storage
Functional,recently_compared_product
Functional,recently_compared_product_previous
Functional,recently_viewed_product
Functional,recently_viewed_product_previous
Functional,user_allowed_save_cookie
Functional,external_no_cache
Functional,persistent_shopping_cart
Functional,stf
Functional,pollN
Functional,frontend
Functional,guest-view
Functional,mage-banners-cache-storage
Functional,searchReport-log
Functional,private_content_version
Functional,X-Magento-Vary
Functional,section_data_ids
Functional,section_data_clean
Functional,last_visited_store
Functional,store
Functional,login_redirect
Advertisment,dsps:
Advertisment,_mb
Functional,wordpress_test_cookie
Functional,componentType
Functional,componentStyle
Functional,nrid
Advertisment,koitk
Advertisment,__ss_referrer
Advertisment,__ss_tk
Advertisment,__ss
Analytics,_pk_id
Analytics,_pk_ref
Analytics,_pk_ses
Analytics,_pk_cvar
Analytics,_pk_hsr
Analytics,_pk_testcookie
Analytics,mtm_consent
Analytics,mtm_consent_removed
Analytics,mtm_cookie_consent
Analytics,matomo_ignore
Analytics,matomo_sessid
Advertisment,datatrics_optin
Advertisment,datatricsDebugger
Advertisment,datatrics_customData
Analytics,_wepublishGa
Analytics,_wepublishGa_gid
Functional,OptanonConsent
Functional,OptanonAlertBoxClosed
Functional,OptanonControl
Functional,OneTrustWPCCPAGoogleOptOut
Functional,FunctionalCookie
Advertisment,_mkto_trk
Functional,utm_key
Functional,__Secure-fgpt
Advertisment,optimizelyEndUserId
Advertisment,optimizelyRedirectData
Advertisment,optimizelyDomainTestCookie
Advertisment,optimizelyOptOut
Functional,wwwchannelme_z_sid
Advertisment,app_ts
Advertisment,viewer
Advertisment,spx_ts
Advertisment,adx_ts
Advertisment,id_ts
Advertisment,euconsent
Functional,SSR-caching
Functional,smSession
Advertisment,svSession
Functional,ForceFlashSite
Functional,hs
Functional,bSession
Functional,TS01
Functional,fedops.logger.sessionId
Functional,wixLanguage
Functional,_wixCIDX
Functional,_wix_browser_sess
Functional,consent-policy
Functional,client-session-bind
Functional,server-session-bind
Functional,_ab
Functional,_secure_session_id
Functional,Cart
Functional,cart_sig
Functional,cart_ts
Functional,checkout_token
Functional,Secret
Functional,Secure_customer_sig
Functional,storefront_digest
Functional,_shopify_u
Advertisment,_tracking_consent
Advertisment,_landing_page
Advertisment,_orig_referrer
Analytics,_s
Analytics,_shopify_fs
Analytics,_shopify_s
Advertisment,_shopify_sa_t
Analytics,_shopify_uniq
Analytics,_shopify_visit
Analytics,_shopify_y
Analytics,_y
Analytics,tracked_start_checkout
Analytics,ki_r
Analytics,ki_t
Analytics,_Brochure_session
Functional,shopify_pay_redirect
Functional,cart_currency
Functional,dynamic_checkout_shown_on_cart
Functional,keep_alive
Functional,checkout_session_token
Functional,checkout_session_lookup
Functional,cart_ver
Functional,localization
Functional,locale_bar_accepted
Functional,_cmp_a
Functional,_shopify_country
Functional,_customer_account_shop_sessions
Functional,_secure_account_session_id
Functional,_shopify_m
Functional,_shopify_tm
Functional,_shopify_tw
Functional,_storefront_u
Functional,customer_account_locale
Functional,hide_shopify_pay_for_checkout
Functional,master_device_id
Functional,previous_step
Functional,discount_code
Functional,remember_me
Functional,shopify_pay
Functional,shop_pay_accelerated
Functional,checkout_prefill
Functional,checkout_queue_token
Functional,checkout_worker_session
Functional,checkout_session_token_
Functional,identity-state
Functional,identity-state-
Functional,identity_customer_account_number
Functional,card_update_verification_id
Functional,customer_account_new_login
Functional,customer_account_preview
Functional,customer_payment_method
Functional,customer_shop_pay_agreement
Functional,pay_update_intent_id
Functional,profile_preview_token
Functional,login_with_shop_finalize
Functional,preview_theme
Functional,shopify-editor-unconfirmed-settings
Analytics,_shopify_d
Analytics,shop_analytics
Analytics,_shopify_sa_p
Analytics,_shopify_ga
Functional,__hs_opt_out
Functional,__hs_do_not_track
Functional,__hs_initial_opt_in
Functional,hs_ab_test
Functional,hs-messages-is-open
Functional,hs-messages-hide-welcome-message
Functional,__hsmem
Functional,hs-membership-csrf
Functional,hs_langswitcher_choice
Advertisment,__hstc
Advertisment,hubspotutk
Advertisment,__hssc
Advertisment,__hssrc
Advertisment,messagesUtk
Advertisment,hubspotapi
Functional,hubspotapi-prefs
Functional,hubspotapi-csrf
Functional,__hs_cookie_cat_pref
Functional,__hs_gpc_banner_dismiss
Functional,__hs_notify_banner_dismiss
Analytics,vuid
Functional,Player
Functional,continuous_play_v3
Analytics,sd_identity
Analytics,sd_client_id
Functional,__stripe_mid
Functional,__stripe_sid
Functional,m
Functional,_gat_pro
Functional,woocommerce_cart_hash
Functional,woocommerce_items_in_cart
Functional,wp_woocommerce_session_
Functional,woocommerce_recently_viewed
Functional,store_notice
Functional,woocommerce_snooze_suggestions__
Functional,woocommerce_dismissed_suggestions__
Functional,tk_ai
Analytics,sbjs_session
Analytics,sbjs_udata
Analytics,sbjs_first
Analytics,sbjs_current
Analytics,sbjs_first_add
Analytics,sbjs_current_add
Analytics,sbjs_migrations
Advertisment,edgebucket
Advertisment,initref
Advertisment,_rdt_uuid
Functional,incap_ses_
Functional,nlbi_
Functional,visid_incap_
Functional,sp_t
Functional,sp_landing
Advertisment,anj
Advertisment,uuid2
Analytics,usersync
Advertisment,icu
Analytics,pses
Functional,token
Functional,sess
Advertisment,XANDR_PANID
Functional,cc-
Functional,pgid-org-
Functional,SecureSessionID-
Functional,CMSCsrfCookie
Functional,CMSCookieLevel
Analytics,CMSLandingPageLoaded
Functional,CMSPreferredCulture
Analytics,CMSUserPage
Analytics,CurrentContact
Analytics,VisitorStatus
Advertisment,sc_at
Advertisment,sc-a-nonce
Advertisment,_scid
Advertisment,_schn
Functional,X-AB
Advertisment,_scid_r
Functional,_vwo_uuid_v2
Functional,_vwo_uuid
Functional,_vis_opt_s
Functional,_vis_opt_test_cookie
Functional,_vis_opt_exp_
Analytics,_vwo_sn
Analytics,_vwo_ds
Analytics,_vwo_referrer
Functional,_vwo_ssm
Functional,zc_consent
Functional,ZCAMPAIGN_CSRF_TOKEN
Advertisment,zc_show
Functional,zc_cu_exp
Advertisment,zc_loc
Functional,uesign
Functional,wa_ul
Functional,wa_lang_pref
Advertisment,pa_rubicon_ts
Advertisment,pa_google_ts
Advertisment,pa_twitter_ts
Advertisment,pa_yahoo_ts
Advertisment,pa_openx_ts
Advertisment,pa_uid
Advertisment,mailmunch_second_pageview
Advertisment,_mailmunch_visitor_id
Advertisment,tPHG-PS
Advertisment,digitalAudience
Functional,has_js
Advertisment,_omappvs
Advertisment,_omappvp
Advertisment,_lfa
Advertisment,SnapABugHistory
Functional,SnapABugUserAlias
Functional,SnapABugVisit
Advertisment,SnapABugRef
Advertisment,audience
Functional,yith_wcwl_session_
Advertisment,A3
Advertisment,APID
Advertisment,APIDTS
Advertisment,IDSYNC
Advertisment,A1
Advertisment,A1S
Advertisment,adaptv_unique_user_cookie
Advertisment,cmp
Advertisment,adsrcvw1
Advertisment,migrated2y
Advertisment,OTH
Advertisment,rtbData0
Advertisment,rxx
Advertisment,tearsheet
Advertisment,unique_ad_source_impression
Advertisment,axids
Advertisment,GUC
Advertisment,trc_cookie_storage
Advertisment,tbla_id
Functional,INGRESSCOOKIE
Functional,AlteonP
Advertisment,cref
Advertisment,mc
Advertisment,d
Advertisment,iutk
Functional,cookielawinfo-checkbox-necessary
Functional,cookielawinfo-checkbox-non-necessary
Functional,viewed_cookie_policy
Functional,cookielawinfo-checkbox-marketing
Functional,cookielawinfo-checkbox-analytics
Functional,cookielawinfo-checkbox-performance
Functional,cookielawinfo-checkbox-others
Functional,cookielawinfo-checkbox-functional
Functional,cookielawinfo-checkbox-advertisement
Functional,cli_user_preference
Functional,cookielawinfo-checkbox-preferences
Functional,CookieLawInfoConsent
Advertisment,__qca
Analytics,stg_traffic_source_priority
Analytics,stg_last_interaction
Analytics,stg_returning_visitor
Analytics,stg_externalReferrer
Analytics,_pk_id.
Analytics,_pk_ses.
Analytics,ppms_privacy_
Analytics,ppms_privacy_bar_
Analytics,stg_fired__
Analytics,stg_utm_campaign
Analytics,stg_pk_campaign
Analytics,_stg_optout
Analytics,stg_global_opt_out
Functional,__sqra
Functional,__sqrb
Functional,__sqrc
Analytics,nmstat
Analytics,sp
Analytics,_sp_id.
Analytics,_sp_ses.
Functional,AUTH_SESSION_ID
Functional,KC_RESTART
Functional,KC_START
Functional,KEYCLOAK_IDENTITY
Functional,KEYCLOAK_LOCALE
Functional,KEYCLOAK_REMEMBER_ME
Functional,KEYCLOAK_SESSION
Functional,KC_STATE_CHECKER
Functional,KC_AUTH_STATE
Functional,AUTH_SESSION_ID_LEGACY
Functional,_abck
Functional,AKA_A2
Functional,ak_bmsc
Functional,bm_sv
Functional,CRAFT_CSRF_TOKEN
Functional,CraftSessionId
Functional,ci_session
Functional,__lc_cid
Functional,__lc_cst
Functional,__lc2_cid
Functional,__lc2_cst
Functional,__livechat
Analytics,BVBRANDID
Analytics,BVBRANDSID
Advertisment,BVID
Advertisment,BVSID
Advertisment,_li_id
Advertisment,_li_ses
Functional,CAKEPHP
Functional,wp-wpml_current_language
Functional,_flowbox
Advertisment,acalltracker
Functional,acalltrackersession
Analytics,acalltrackerreferrer
Functional,excludecalltracking
Advertisment,acalltrackernumber
Functional,wordpress_google_apps_login
Functional,ckies_functional
Functional,ckies_necessary
Functional,ckies_performance
Functional,ckies_marketing
Functional,ClickAndChange
Functional,pll_language
Functional,browserupdateorg
Functional,TawkConnectionTime
Analytics,tawkUUID
Functional,TawkCookie
Functional,__tawkuuid
Advertisment,stx_user_id
Advertisment,dc
Advertisment,sqzl_abs
Functional,sqzl_consent
Advertisment,sqzl_session_id
Advertisment,sqzl_vw
Advertisment,sqzllocal
Functional,belco-anonymous-id
Functional,belco-cookies
Analytics,ABTasty
Analytics,ABTastySession
Advertisment,BCSessionID
Advertisment,BCTempID
Functional,BCPermissionLevel
Advertisment,BCReferrerOverrule
Advertisment,BCRefusedObjectives
Advertisment,BCRevision
Advertisment,BCTracking
Advertisment,bc_tstgrp
Advertisment,__adal_ca
Advertisment,__adal_cw
Advertisment,__adal_id
Advertisment,__adal_ses
Analytics,Pastease.passive.activated
Analytics,Pastease.passive.chance
Analytics,AFFICHE_W
Advertisment,matchadform
Advertisment,wfivefivec
Advertisment,UserID1
Advertisment,arcki2
Advertisment,arcki2_adform
Advertisment,arcki2_ddp
Analytics,_sn_a
Advertisment,_sn_m
Functional,_sn_n
Functional,apbct_antibot
Functional,ct_check_js
Functional,ct_fkp_timestamp
Functional,ct_has_scrolled
Functional,ct_pointer_data
Functional,ct_ps_timestamp
Functional,ct_timezone
Functional,apbct_cookies_test
Functional,apbct_
Functional,ct_
Functional,ct_sfw_
Functional,spbc_cookies_test
Functional,spbc_firewall_pass_key
Functional,spbc_is_logged_in
Functional,spbc_2fa_passed
Functional,spbc_timer
Functional,spbc_log_id
Advertisment,__kla_id
Advertisment,__trf.src
Analytics,_ALGOLIA
Functional,_csrf
Advertisment,_tt_enable_cookie
Advertisment,_ttp
Advertisment,MONITOR_WEB_ID
Advertisment,msToken
Advertisment,ttwid
Advertisment,ttcsid
Analytics,ahoy_visit
Analytics,ahoy_visitor
Functional,auth0
Functional,auth0_compat
Functional,auth0-mf
Functional,auth0-mf_compat
Functional,a0_users:sess
Functional,a0_users:sess.sig
Functional,did
Functional,did_compat
Analytics,atidvisitor
Analytics,atuserid
Functional,ja_purity_tpl
Functional,ja_purity_ii_tpl
Functional,BIGipServer
Functional,active_template::
Functional,ezds
Functional,ezoab_
Analytics,ezoadgid_
Functional,ezohw
Analytics,ezopvc_
Analytics,ezoref_
Functional,ezostid_
Advertisment,ezosuigeneris
Advertisment,ezosuibasgeneris-1
Analytics,ezouid_
Analytics,ezovid_
Analytics,ezovuuid_
Analytics,ezovuuidtime_
Analytics,ezux_et_
Analytics,ezux_ifep_
Analytics,ezux_lpl_
Analytics,ezux_tos_
Functional,ezoawesome_
Functional,easysize_button_loaded_for_user
Functional,swym-email
Functional,swym-session-id
Functional,swym-pid
Functional,swym-swymRegid
Functional,swym-cu_ct
Functional,swym-o_s
Functional,swym-instrumentMap
Functional,swym-ol_ct
Functional,swym-v-ckd
Functional,swym-tpermts
Functional,swym-u_pref
Functional,swym-weml
Functional,enforce_policy
Functional,x-pp-s
Functional,ts
Functional,ts_c
Functional,tsrce
Functional,nsid
Functional,X-PP-SILOVER
Functional,X-PP-L7
Functional,l7_az
Functional,SERVERID
Advertisment,v_usr
Advertisment,idsync-bsw-uid-s
Advertisment,done_redirects
Advertisment,vidoomy-uids
Functional,bbuserid
Functional,bbpassword
Functional,bbsessionhash
Functional,bbcpsessionhash
Functional,bbnp_notices_displayed
Functional,bbsitebuilder_active
Functional,bblastactivity
Functional,bblastvisit
Advertisment,viewer_token
Functional,wires
Functional,wires_challenge
Functional,ab.storage.userId.
Analytics,ab.storage.sessionId.
Analytics,ab.storage.deviceId.
Functional,ab.optOut
Functional,ab._gd
Functional,devicePixelRatio
Analytics,tk_qs
Advertisment,tk_lr
Advertisment,tk_or
Analytics,tk_r3d
Analytics,tk_tc
Functional,wp-settings-
Functional,wporg_logged_in
Functional,wporg_sec
Functional,wporg_locale
Functional,welcome-
Functional,showComments
Functional,trac_form_token
Functional,trac_session
Functional,codexToken
Functional,codexUserId
Functional,codexUserName
Analytics,camptix_client_stats
Functional,wp-saving-post
Functional,comment_author_
Functional,comment_author_url_
Functional,wp-postpass_
Functional,wp-settings-time-
Functional,tix_view_token
Functional,jetpackState
Functional,jpp_math_pass
Functional,stnojs
Functional,wordpress_logged_in_
Functional,cookiefirst-consent
Functional,_iub_cs-
Functional,didomi_token
Functional,euconsent-v2
Functional,_global_lucky_opt_out
Functional,_lo_np_
Functional,_lo_bn
Functional,_lo_cid
Analytics,_lo_uid
Analytics,_lo_rid
Analytics,_lo_v
Analytics,__lotl
Analytics,__lotr
Functional,axeptio_authorized_vendors
Functional,axeptio_cookies
Functional,axeptio_all_vendors
Functional,borlabs-cookie
Functional,osano_consentmanager
Functional,osano_consentmanager_expdate
Functional,osano_consentmanager_uuid
Functional,cookieconsent_status
Functional,cookieconsent_page
Functional,__cmpconsent
Functional,__cmpiab
Functional,__cmpcvc
Functional,__cmpcpc
Functional,__cmpccc
Functional,__cmpwel
Functional,__cmpiuid
Functional,__cmpccx
Functional,__cmpcc
Functional,__cmpfcc
Functional,__cmpld
Functional,__cmpccpausps
Functional,hu-consent
Functional,complianz_policy_id
Functional,complianz_consent_status
Functional,cmplz_marketing
Functional,cmplz_statistics
Functional,cmplz_preferences
Functional,cmplz_functional
Functional,cmplz_stats
Functional,cmplz_choice
Functional,cmplz_id
Functional,cmplz_user_data
Functional,cmplz_saved_services
Functional,cmplz_consented_services
Functional,cmplz_policy_id
Functional,cmplz_saved_categories
Functional,cmplz_banner-status
Functional,cookie_notice_accepted
Functional,moove_gdpr_popup
Functional,__tlbcpv
Functional,__tltpl_
Functional,__tluid
Analytics,__stid
Advertisment,__stidv
Functional,pubconsent
Functional,st_optout
Analytics,pxcelBcnLcy
Functional,pxcelAcc3PC
Analytics,pxcelPage
Functional,usprivacy
Functional,euconsent
Functional,fpestid
Advertisment,khaos
Advertisment,audit
Advertisment,put_
Advertisment,rpb
Advertisment,rpx
Advertisment,khaos_p
Advertisment,audit_p
Advertisment,apiDomain_
Functional,gac_
Functional,_gig_APIProxy_enabled
Advertisment,gig_bootstrap_
Functional,gig_canary
Functional,gig_canary_3
Advertisment,_gig_email
Functional,gig_canary_ver
Advertisment,gig_hasGmid
Advertisment,_gig_llu
Advertisment,_gig_llp
Functional,glt_
Functional,_gig_lt
Functional,gig_last_ver_
Functional,gig_loginToken_
Functional,_gig_shareUI_cb_
Advertisment,_gig_shareUI_lastUID
Advertisment,_gigRefUid_
Functional,gig_toggles
Functional,gig3pc
Functional,gig3pctest
Functional,glnk
Advertisment,gmid
Functional,gst
Functional,GSLM_
Advertisment,hasGmid
Functional,SAML_
Functional,gltexp_
Advertisment,_gig_
Functional,ua_
Advertisment,ucid
Advertisment,ozone_uid
Analytics,mc_cid
Analytics,mc_eid
Analytics,mc_landing_site
Advertisment,_BEAMER_FIRST_VISIT_
Advertisment,_BEAMER_USER_ID_
Advertisment,_BEAMER_DATE_
Advertisment,_BEAMER_LAST_POST_SHOWN_
Advertisment,_BEAMER_FILTER_BY_URL_
Analytics,adhese2
Advertisment,cap
Advertisment,pubmatic_uid
Advertisment,improvedigital_uid
Advertisment,rubicon_uid
Advertisment,adform_uid
Advertisment,appnexus_uid
Advertisment,triplelift_uid
Advertisment,adheseCustomer
Functional,pmaAuth-
Functional,phpMyAdmin
Functional,pmaUser-
Functional,pma_lang
Functional,PLESKSESSID
Functional,plesk-items-per-page
Functional,plek-list-type
Functional,plesk-sort-dir
Functional,plesk-sort-field
Functional,sites-active-list-state-collapsed
Functional,lists-state
Functional,fe_typo_user
Functional,be_typo_user
Functional,Typo3InstallTool
Functional,be_lastLoginProvider
Advertisment,KelkooID
Advertisment,_cio
Advertisment,_cioid
Advertisment,_cioanonid
Advertisment,cioFT
Advertisment,cioLT
Analytics,_chartbeat
Analytics,_SUPERFLY_nosample
Functional,Datadome
Advertisment,TXCSDMN_
Advertisment,TXCD
Advertisment,rai-pltn-pl-
Advertisment,avcid-
Advertisment,pdid
Advertisment,data-
Advertisment,visitor-id
Advertisment,gdpr_status
Advertisment,mnet_session_depth
Functional,_pbjs_userid_consent_data
Advertisment,DotomiUser
Advertisment,cjae
Advertisment,DotomiStatus
Advertisment,DotomiSession_
Advertisment,DotomiSync
Advertisment,dtm_token
Advertisment,dtm_token_exp
Advertisment,dtm_tcdata
Advertisment,dtm_tcdata_exp
Advertisment,dtm_token_sc
Advertisment,dtm_user_id
Advertisment,dtm_user_id_sc
Advertisment,dtm_gdpr_delete
Advertisment,dtm_gpc_optout
Advertisment,pluto2
Advertisment,pluto
Functional,fastclick
Advertisment,svid
Advertisment,rts
Functional,lhc_per
Functional,lhc_ldep
Functional,lhc_ses
Analytics,_ym_metrika_enabled
Analytics,_ym_isad
Analytics,_ym_uid
Analytics,_ym_d
Analytics,yabs-sid
Functional,_ym_debug
Analytics,_ym_visorc_
Functional,_ym_hostIndex
Analytics,yandexuid
Analytics,yuidss
Analytics,ymex
Analytics,usst
Analytics,is_gdpr_b
Analytics,is_gdpr
Analytics,yabs-vdrf
Analytics,bh
Analytics,_yasc
Analytics,yashr
Functional,_KMPage
Functional,_KnowledgePageDispatcher
Functional,_KnowledgePageFilter
Functional,_KnowledgePageFilterArticleArticleType
Functional,_KnowledgePageFilterArticlePublishStatus
Functional,_KnowledgePageFilterArticleValidationStatus
Functional,_KnowledgePageFilterLanguage
Functional,_KnowledgePageFilterMyDraftArticleType
Functional,_KnowledgePageFilterMyDraftPublishStatus
Functional,_KnowledgePageFilterMyDraftValidationStatus
Functional,_KnowledgePageSortFieldArticle
Functional,_KnowledgePageSortFieldMyDraft
Functional,_spring_KmMlAnyoneDraftArticlesList
Functional,_spring_KmMlArchivedArticlesList
Functional,_spring_KmMlMyDraftArticlesList
Functional,_spring_KmMlMyDraftTranslationsList
Functional,_spring_KmMlPublishedArticlesList
Functional,_spring_KmMlPublishedTranslationsList
Functional,_sid
Functional,activeView
Advertisment,apex__EmailAddress
Analytics,auraBrokenDefGraph
Functional,autocomplete
Functional,BAYEAX_BROWSER
Analytics,calViewState
Functional,caPanelState
Functional,renderCtx
Analytics,pctrk
Functional,force-stream
Functional,sfdc-stream
Functional,BrowserId_sec
Functional,force-proxy-stream
Functional,BrowserId
Functional,QCQQ
Functional,sid_Client
Functional,idccsrf
Functional,rsid
Functional,rsid2
Functional,RRetURL
Functional,RRetURL2
Functional,alohaEpt
Functional,clientSrc
Advertisment,oinfo
Advertisment,expid_
Functional,oid
Functional,CookieConsentPolicy
Advertisment,_kuid_
Advertisment,visitor_id
Functional,cookieSettingVerified
Functional,cordovaVersion
Functional,cqcid
Functional,csssid
Functional,csssid_Client
Functional,devOverrideCsrfToken
Functional,disco
Functional,FedAuth
Functional,gTalkCollapsed
Functional,guest_uuid_essential_
Functional,hideDevelopmentTools
Functional,hideFilesWarningModal
Functional,hideIdentityDialog
Functional,Host-ERIC_PROD-
Functional,ideaToggle
Functional,inst
Functional,iotcontextsplashdisable
Functional,lastlist
Functional,liveagent_invite_rejected_
Functional,liveagent_sid
Functional,lloopch_loid
Functional,login
Functional,pc-unit
Functional,PreferredLanguage
Functional,promptTestMod
Functional,redirectionWarning
Functional,schgtclose
Functional,sfdc_lv2
Functional,showNewBuilderWarningMessage
Functional,sidebarPinned
Functional,ssostartpage
Functional,SUCSP
Functional,SUPRM
Functional,t
Functional,useStandbyUrl
Functional,waveUserPrefFinderLeftNav
Functional,waveUserPrefFinderListView
Functional,webact
Functional,WelcomePanel
Functional,__Host-ERIC_PROD-
Functional,SetupDomainProbePassed
Functional,cookieyesID
Functional,cky-consent
Functional,cookieyes-necessary
Functional,cookieyes-functional
Functional,cookieyes-analytics
Functional,cookieyes-advertisement
Functional,cookieyes_privacy_policy_generator_session
Functional,cookieyes_session
Functional,cky-action
Functional,cookieyes-performance
Functional,cookieyes-consent
Advertisment,tv_U
Advertisment,tvid
Functional,JSESSIONID
Functional,SSLB
Functional,SSPV
Functional,SSRT
Functional,SSSC
Functional,ep201
Functional,ep202
Functional,RP_
Functional,sso_user
Functional,CX_
Functional,P_
Functional,sm_ir
Functional,_splunk_rum_sid
Functional,sm_rec
Functional,RE_
Functional,REPID_
Advertisment,usbls
Functional,xf_consent
Functional,xf_csrf
Functional,xf_dbWriteForced
Functional,xf_inline_mod_
Functional,xf_language_id
Functional,xf_ls
Functional,xf_notice_dismiss
Functional,xf_push_notice_dismiss
Functional,xf_push_subscription_updated
Functional,xf_session
Functional,xf_style_id
Functional,xf_tfa_trust
Functional,xf_toggle
Functional,xf_user
Functional,xf_emoji_usage
Functional,xf_from_search
Advertisment,sailthru_content
Advertisment,sailthru_pageviews
Advertisment,sailthru_visitor
Advertisment,IMRID
Advertisment,ud
Advertisment,udo
Advertisment,EE
Advertisment,i00
Functional,CookieScriptConsent
Functional,rack.session
Analytics,pa_user
Functional,xbc
Functional,__tbc
Functional,__pls
Functional,__tac
Advertisment,_pcus
Analytics,cX_P
Advertisment,cX_G
Advertisment,gckp
Analytics,pnespsdk_visitor
Analytics,pnespsdk_push_subscription_added
Advertisment,pnespsdk_pnespid
Functional,pnespsdk_ssn
Functional,__utp
Functional,__pil
Functional,__pid
Functional,__idr
Functional,__eea
Functional,__code
Functional,__bid
Functional,__ut
Analytics,__pvi
Analytics,__pat
Functional,__pnahc
Functional,LANG_CHANGED
Functional,_pctx
Functional,_pprv
Functional,_pcid
Analytics,DotMetrics.SessionCookieTemp
Analytics,DotMetrics.UniqueUserIdentityCookie
Analytics,DotMetrics.DeviceKey
Analytics,DotMetrics.SessionCookieTempTimed
Advertisment,ki_s
Advertisment,ki_u
Advertisment,barometric[cuid]
Advertisment,barometric[idfa]
Analytics,__gfp_64b
Analytics,__gfp_s_64b
Analytics,Gdyn
Advertisment,opt_out
Advertisment,visitor
Advertisment,tp
Advertisment,lkqdid
Advertisment,lkqdidts
Advertisment,33x_ps
Functional,COOKIELAW_ADS
Functional,COOKIELAW_SOCIAL
Functional,COOKIELAW_STATS
Functional,COOKIELAW
Analytics,dm_timezone_offset
Analytics,dm_last_visit
Analytics,dm_total_visits
Analytics,dm_last_page_view
Analytics,dm_this_page_view
Functional,CookieControl
Functional,HACIVICLB
Functional,HACIVIC
Functional,HAAPPLB
Analytics,intercom-id-
Analytics,intercom-session-
Analytics,intercom-device-id-
Analytics,mp_
Analytics,pvc_visits[0]
Analytics,client_bslstaid
Analytics,client_bslstmatch
Analytics,client_bslstsid
Analytics,client_bslstuid
Functional,CGISESSID
Advertisment,vglnk.Agent.p
Advertisment,vglnk.PartnerRfsh.p
Advertisment,deuxesse_uxid
Advertisment,pid_short
Advertisment,pid_signature
Advertisment,ep
Advertisment,_pangle
Advertisment,u
Advertisment,_ssc
Functional,NSC_
Advertisment,bitoIsSecure
Advertisment,bito
Analytics,WMF-Last-Access
Functional,loginnotify_prevlogins
Functional,stopMobileRedirect
Analytics,centralnotice_bucket
Analytics,GeoIP
Analytics,NetWorkProbeLimit
Advertisment,auid
Advertisment,aum
Analytics,ablyft_exps
Analytics,ablyft_queue
Analytics,ablyft_uvs
Analytics,ablyft_tracking_consent
Advertisment,_d2id
Advertisment,edsid
Advertisment,ftid
Advertisment,aniC
Advertisment,version
Advertisment,mics_vid
Advertisment,mics_uaid
Advertisment,mics_lts
Advertisment,chk
Advertisment,n360_thirtythreeacross
Advertisment,n360-thirtythreeacross
Advertisment,n360_appnexus
Advertisment,n360-appnexus
Advertisment,n360_bliink
Advertisment,n360-bliink
Advertisment,n360_amx
Advertisment,n360-amx
Advertisment,n360_adform
Advertisment,n360-adform
Advertisment,n360_adnuntius
Advertisment,n360-adnuntius
Advertisment,n360_adot
Advertisment,n360-adot
Advertisment,n360_adyoulike
Advertisment,n360-adyoulike
Advertisment,n360_connectad
Advertisment,n360-connectad
Advertisment,n360_conversant
Advertisment,n360-conversant
Advertisment,n360_cwire
Advertisment,n360-cwire
Advertisment,n360_firstid
Advertisment,n360-firstid
Advertisment,n360_freewheel
Advertisment,n360-freewheel
Advertisment,n360_fueldigitalmedia
Advertisment,n360-fueldigitalmedia
Advertisment,n360_fueldigitalix
Advertisment,n360-fueldigitalix
Advertisment,n360_fueldigital
Advertisment,n360-fueldigital
Advertisment,n360_gingerad
Advertisment,n360-gingerad
Advertisment,n360_goodad
Advertisment,n360-goodad
Advertisment,n360_gravity
Advertisment,n360-gravity
Advertisment,n360_groupm
Advertisment,n360-groupm
Advertisment,n360_improve
Advertisment,n360-improve
Advertisment,n360_ix
Advertisment,n360-ix
Advertisment,n360_medianet
Advertisment,n360-medianet
Advertisment,n360_moneytag
Advertisment,n360-moneytag
Advertisment,n360_nextmillennium
Advertisment,n360-nextmillennium
Advertisment,n360_onetag
Advertisment,n360-onetag
Advertisment,n360_openx
Advertisment,n360-openx
Advertisment,n360_outbrain
Advertisment,n360-outbrain
Advertisment,n360_plista
Advertisment,n360-plista
Advertisment,n360_pubmatic
Advertisment,n360-pubmatic
Advertisment,n360_pulsepoint
Advertisment,n360-pulsepoint
Advertisment,n360_quantum
Advertisment,n360-quantum
Advertisment,n360_richaudience
Advertisment,n360-richaudience
Advertisment,n360_rtbhouse
Advertisment,n360-rtbhouse
Advertisment,n360_rubicon
Advertisment,n360-rubicon
Advertisment,n360_sharethrough
Advertisment,n360-sharethrough
Advertisment,n360_smaato
Advertisment,n360-smaato
Advertisment,n360_smartadserver
Advertisment,n360-smartadserver
Advertisment,n360_smartyads
Advertisment,n360-smartyads
Advertisment,n360_smilewanted
Advertisment,n360-smilewanted
Advertisment,n360_staila
Advertisment,n360-staila
Advertisment,n360_tappx
Advertisment,n360-tappx
Advertisment,n360_mediagrid
Advertisment,n360-mediagrid
Advertisment,n360_ttd
Advertisment,n360-ttd
Advertisment,n360_traffective
Advertisment,n360-traffective
Advertisment,n360_triplelift
Advertisment,n360-triplelift
Advertisment,n360_yahoo
Advertisment,n360-yahoo
Advertisment,n360_vidoomy
Advertisment,n360-vidoomy
Advertisment,n360_yieldlab
Advertisment,n360-yieldlab
Advertisment,mv_tokens
Advertisment,mv_tokens_invalidate-verizon-pushes
Advertisment,am_tokens
Advertisment,am_tokens_invalidate-verizon-pushes
Analytics,_bit
Advertisment,ptrcriteo
Advertisment,ptrrhs
Analytics,yieldmo_id
Advertisment,ptrrc
Advertisment,ptran
Advertisment,ptrt
Advertisment,ptrpp
Advertisment,ptrpub
Advertisment,ptrc
Advertisment,ptrb
Advertisment,ptropenx
Advertisment,ptrbsw
Advertisment,ptreps
Advertisment,ptradtrt
Advertisment,sst
Advertisment,dgzsdl08v4
Advertisment,bounceClientVisit
Analytics,_vfa
Analytics,_vfb
Analytics,_vfz
Functional,_vf_rd_test
Functional,VfSess
Functional,VfRefresh
Functional,VfAccess
Functional,vfThirdpartyCookiesEnabled
Advertisment,ttbprf
Advertisment,ttc
Advertisment,ttnprf
Advertisment,n
Advertisment,trk
Advertisment,ttca
Functional,dc
Advertisment,ttgcm
Analytics,_ut
Analytics,_lv
Analytics,_nrbi
Analytics,compass_sid
Analytics,compass_uid
Analytics,___m_rec
Advertisment,GRV_BHV_UID
Advertisment,GRV_BHV_IDCC
Advertisment,GRV_BHV_SKU
Advertisment,GRV_BHV_IDCAT
Advertisment,GRV_BHV_DATE
Advertisment,GRV_IDU
Advertisment,NPA
Advertisment,GRV_BHV_BRND_
Advertisment,GRV_google
Advertisment,duid_update_time
Advertisment,_ssp_update_time
Advertisment,_dsp_uid
Functional,connect.sid
Functional,_zendesk_cookie
Functional,zte2095
Functional,__zlcprivacy
Functional,__zlcmid
Functional,_answer_bot_service_session
Functional,ZD-zE_oauth
Functional,_zendesk_session
Functional,zendesk_thirdparty_test
Functional,_zendesk_shared_session
Functional,_zendesk_authenticated
Functional,_help_center_session
Functional,help_center_data
Analytics,_zdshared_user_session_analytics
Functional,_zendesk_nps_session
Functional,ZD-settings
Analytics,ZD-suid
Analytics,ZD-buid
Functional,ZD-store
Functional,ZD-widgetOpen
Functional,ZD-launcherLabelRemoved
Functional,_zdsession_talk_embeddables_service
Functional,RT
Advertisment,TADCID
Advertisment,ServerPool
Analytics,TATravelInfo
Analytics,TAUnique
Analytics,TAReturnTo
Advertisment,dt
Advertisment,rtbh
Advertisment,udmts
Functional,api_token
Functional,unique_id
Functional,unique_id_durable
Functional,session_unique_id
Functional,server_session_id
Functional,twitch.lohp.countryCode
Functional,auth-token
Functional,enable-compact-scene-listing
Functional,videoChat.notice_dismissed
Functional,chat_rules_shown
Functional,algoliasearch-client-js
Functional,device_id
Functional,referrer_url
Functional,sentry_device_id
Functional,session_storage_last_visited_twitch_url
Functional,local_storage_app_session_id
Analytics,_ceir
Analytics,_CEFT
Analytics,_cer.v
Analytics,_ce.s
Analytics,_ce.cch
Analytics,_ce.gtld
Analytics,"ce_need_secure_cookie	"
Analytics,ce_successful_csp_check
Analytics,cebs
Analytics,cebsp_
Analytics,_ce.clock_event
Analytics,_ce.clock_data
Analytics,_ce.irv
Analytics,ceft_variant_override
Advertisment,_crazyegg
Functional,ce_login
Functional,ce_signup_flow
Advertisment,ce_signup_partner
Functional,ceac
Functional,cean
Functional,cehc
Functional,celi
Functional,cean_assoc
Functional,first_snapshot_url
Functional,sharing_
Functional,ce_sid
Functional,cecu
Functional,TiPMix
Functional,x-ms-routing-name
Functional,_distillery
Functional,muxData
Functional,wistia-http2-push-disabled
Functional,_simplex
Functional,wistia
Functional,wistia-video-progress-
Advertisment,__uin_rh
Advertisment,__uir_rh
Advertisment,HAPLB3A
Advertisment,SSPR_*
Advertisment,SSPZ
Advertisment,DSP2F_*
Advertisment,ADKUID
Advertisment,SCM
Advertisment,SCMaps
Advertisment,SCMsovrn
Advertisment,SCMinf
Advertisment,SCMo
Advertisment,SCMg
Advertisment,SCM*
Advertisment,UID_EXT_*
Advertisment,UTID
Advertisment,UTID_ENC
Functional,DYID
Functional,_dyid
Functional,_dyid_server
Functional,DYSES
Functional,_dyjsession
Analytics,_dy_csc_ses
Analytics,_dycmc
Functional,_dycnst
Functional,_dy_lu_ses
Analytics,_dy_df_geo
Analytics,_dy_geo
Analytics,_dycst
Functional,_dy_ses_load_seq
Functional,_dy_soct
Functional,_dy_toffset
Functional,dy_fs_page
Advertisment,_dy_cs_storage_items
Advertisment,_dy_cs_cookie_items
Advertisment,ckid
Advertisment,hash
Advertisment,BLUEID
Advertisment,ig_did
Advertisment,ig_cb
Advertisment,ds_user_id
Functional,mid
Advertisment,fbm_
Advertisment,shbid
Advertisment,shbts
Advertisment,sessionid
Functional,_parsely_visitor
Functional,_parsely_tpa_blocked
Functional,_parsely_slot_click
Functional,_parsely_session
Functional,test
Functional,__editor_layout
Functional,codepen_session
Functional,codepen_signup_referrer
Functional,codepen_signup_referrer_date
Analytics,rl_user_id
Analytics,rl_trait
Analytics,rl_anonymous_id
Analytics,rl_group_id
Analytics,rl_group_trait
Analytics,rl_page_init_referrer
Analytics,rl_page_init_referring_domain
Analytics,test_rudder_cookie
Analytics,rl_session
Analytics,rl_auth_token
Analytics,_biz_uid
Analytics,_biz_nA
Analytics,_biz_flagsA
Analytics,_biz_pendingA
Analytics,_biz_ABTestA
Analytics,_biz_su
Analytics,_biz_EventA
Advertisment,g
Advertisment,obsessionid-
Advertisment,opout
Advertisment,recs-
Advertisment,europe
Advertisment,ref-
Advertisment,outbrain_dicbo_id
Advertisment,unifiedPixel
Advertisment,dicbo_id
Analytics,_cs_c
Analytics,_cs_cvars
Analytics,_cs_id
Analytics,_cs_s
Analytics,__CT_Data
Analytics,_CT_RS_
Analytics,WRUID
Analytics,_cs_ex
Analytics,_cs_optout
Analytics,_cs_rl
Analytics,_cs_root-domain
Analytics,WRIgnore
Analytics,WRBlock
Analytics,_cs_same_site
Analytics,_cs_debug
Analytics,_hjasCachedUserAttributes
Analytics,_hjUserAttrbutesHash
Analytics,_hjUserAttributes
Analytics,_hp2_hld
Analytics,_hp5_event_props.
Analytics,_hp5_meta.
Analytics,_cs_mk_aa
Analytics,_cs_mk_ga
Analytics,_cs_tld
Functional,app_manifest_token
Functional,color_mode
Functional,_device_id
Functional,dotcom_user
Functional,enterprise_trial_redirect_to
Functional,fileTreeExpanded
Functional,ghcc
Functional,_gh_ent
Functional,_gh_sess
Functional,gist_oauth_csrf
Functional,gist_user_session
Functional,has_recent_activity
Functional,__Host-gist_user_session_same_site
Functional,__Host-user_session_same_site
Functional,marketplace_repository_ids
Functional,marketplace_suggested_target_id
Analytics,_octo
Functional,org_transform_notice
Functional,private_mode_user_session
Functional,saml_csrf_token
Functional,saml_return_to
Functional,saml_return_to_legacy
Functional,show_cookie_banner
Functional,tz
Functional,user_session
Analytics,AMP_
Analytics,AMP_MKTG_
Analytics,AMP_TEST
Analytics,AMP_TLDTEST
Analytics,amplitude_cookie_test
Analytics,amplitude_id_
Analytics,amplitude_test
Functional,_conv_r
Functional,_conv_s
Functional,_conv_v
Analytics,QSI_HistorySession
Analytics,QSI_OptInIDsAndWindowNames
Analytics,QSI_OptInIDsAndTargetOrigins
Analytics,SiteReferrer
Analytics,PageReferrer
Analytics,SearchTerm
Analytics,FocusTime
Analytics,BlurTime
Analytics,ActionSetHistory
Analytics,SISessID
Analytics,CPSessID
Analytics,QSI_ReplaySession_Info_
Analytics,QSI_TestSessions_
Analytics,QSI_SI_
Functional,QSI_S_
Functional,QST
Functional,QSIPopUnder_PopUnderTarget_SI_
Functional,QSI_CT
Functional,QSI_DATA
Functional,QSI_ReplaySession_Throttled_
Functional,QSI_ReplaySession_SampledOut_
Functional,Site History
Analytics,c-referrer
Analytics,c-signup
Analytics,c-plan
Analytics,cognito.services.a
Analytics,cognito.organization
Advertisment,rdtrk
Advertisment,_rdtrk
Advertisment,_rd_experiment_version
Functional,_form_fields
Advertisment,_rdlps_pp
Advertisment,_rd_wa_first_session
Advertisment,_sp_wa_first_session
Advertisment,_rd_wa_id
Advertisment,_sp_wa_id
Advertisment,_rd_wa_ses_id
Advertisment,_sp_wa_ses_id
Advertisment,_sp_root_domain_test_
Functional,NEXT_LOCALE
Analytics,dtCookie
Analytics,dtLatC
Analytics,dtPC
Analytics,dtSa
Analytics,dtValidationCookie
Analytics,dtDisabled
Analytics,rxVisitor
Analytics,rxvt
Functional,b925d32c
Functional,ssoCSRFCookie
Functional,p23mn32t
Functional,l34kn6no
Functional,iu2g34bw
Functional,a69k21bb
Functional,cgq80xhu
Functional,72ddbc27
Functional,kj76fg4h
Advertisment,tc_cj_v2
Advertisment,tc_cj_v2_cmp.
Advertisment,tc_cj_v2_med
Functional,tc_test_cookie
Functional,TCIPD
Functional,TC_PRIVACY
Functional,TC_PRIVACY_CENTER
Functional,TC_OUTPUT
Functional,TC_OUTPUT_categories
Advertisment,CAID
Advertisment,TCID
Advertisment,WID
Functional,tc_sample_
Advertisment,TMS
Functional,TC_CHECK_COOKIES_SUPPORT
Advertisment,TCSESSION
Advertisment,TCREDIRECT
Advertisment,TCLANDINGURL
Analytics,TCAUDIENCE
Analytics,_TCCookieSync
Functional,DLBCTLYOXA
Functional,FDLBFIRSTAPI
Functional,FDLBFIRSTDATA
Functional,FDLBFIRSTCAMPAIGN
Functional,FDLBFIRSTCAMPAIGNEF
Functional,FDLBCAMPAIGNCDOM
Functional,FDLBFIRSTTMS
Functional,FDLBFIRSTCMP
Functional,FDLBFIRST
Functional,FDLBCTLY
Functional,FDLBFIRSTEVENTS
Functional,tc_caids
Functional,tc_cj_ss
Functional,tc_ss
Functional,pxid
Functional,permutive-id
Advertisment,cs
Advertisment,vst
Advertisment,_u
Functional,tf_respondent_cc
Advertisment,attribution_user_id
Analytics,_hp2_id
Analytics,_hp2_ses_props
Analytics,pi_opt_in
Analytics,Hm_lpvt_
Analytics,Hm_lvt_
Analytics,HMACCOUNT
Advertisment,_gtmeec
Functional,logglytrackingsession
Advertisment,test_cookie
Necessary,__cfduid
Necessary,XSRF-TOKEN
Analytics,_gat_
Others,d
Others,pid
Others,i
Others,id
Others,u
Analytics,ouid
Analytics,uid
Others,c
Necessary,cookiehub
Advertisment,__adroll_shared
Advertisment,__adroll
Analytics,PugT
Advertisment,__ar_v4
Advertisment,__adroll_fpc
Advertisment,YSC
Necessary,ASP.NET_SessionId
Analytics,loc
Analytics,uvc
Analytics,__atuvs
Analytics,__atuvc
Analytics,currency
Analytics,hblid
Analytics,wcsid
Analytics,_ok
Analytics,_okbk
Analytics,olfsk
Analytics,_okdetect
Analytics,_oklv
Necessary,JSESSIONID
Analytics,_vwo_uuid_v2
Analytics,iutk
Analytics,remixlang
Others,VID
Analytics,sc_at
Analytics,_scid
Others,tmr_detect
Others,cid
Analytics,cusid
Necessary,ai_session
Analytics,ai_user
Advertisment,sp_t
Advertisment,sp_landing
Analytics,MUID
Necessary,ARRAffinity
Others,visitor_id645703
Others,visitor_id645703-hash
Necessary,__RequestVerificationToken
Necessary,AWSALB
Necessary,PHPSESSID
Analytics,bcookie
Analytics,lang
Analytics,lidc
Necessary,wordpress_test_cookie
Analytics,_vwo_uuid
Necessary,_vis_opt_test_cookie
Necessary,_vis_opt_s
Necessary,has_js
Necessary,fe_typo_user
Necessary,crumb
Necessary,CookieConsent
Others,frontend_cid
Necessary,frontend
Others,locale
Necessary,csrftoken
Analytics,__zlcmid
Necessary,m
Necessary,__stripe_sid
Necessary,__stripe_mid
Others,sid
Analytics,__hssc
Analytics,__hssrc
Analytics,hubspotutk
Analytics,__hstc
Analytics,driftt_aid
Analytics,pll_language
Necessary,__cf_bm
Analytics,ssr-caching
Analytics,svSession
Necessary,hs
Necessary,sessionId
Necessary,laravel_session
Analytics,MR
Advertisment,SRM_B
Others,MS0
Others,MC1
Necessary,RT
Analytics,ak_bmsc
Others,opt_out
Necessary,bm_sv
Others,guest_id
Necessary,session
Others,s
Others,unique_id
Analytics,G_ENABLED_IDPS
Analytics,tk_ai
Others,V
Necessary,_csrf
Necessary,x-ms-routing-name
Necessary,TiPMix
Analytics,OptanonConsent
Others,guid
Others,cookie
Analytics,visitor-id
Others,am-uid
Others,test
Others,userId
Advertisment,__kuid
Advertisment,sa-user-id-v2
Advertisment,sa-user-id
Necessary,ts
Others,v1st
Others,_px3
Necessary,x-pp-s
Necessary,tsrce
Necessary,enforce_policy
Necessary,ts_c
Necessary,nsid
Others,sc_f
Necessary,KHcl0EuY7AKSMgfvHl7J5E7hPtK
Others,browserid
Necessary,_abck
Necessary,bm_sz
Necessary,__cflb
Necessary,_wpfuuid
Analytics,product_data_storage
Analytics,recently_compared_product_previous
Analytics,recently_compared_product
Analytics,recently_viewed_product_previous
Analytics,recently_viewed_product
Analytics,mage-cache-sessid
Analytics,mage-cache-storage-section-invalidation
Analytics,mage-cache-storage
Others,gckp
Others,cX_P
Others,tmr_lvidTS
Others,tmr_lvid
Necessary,SERVERID
Necessary,language
Others,t
Others,VisitorId
Others,notice_behavior
Others,usprivacy
Necessary,AWSALBCORS
Necessary,resolution
Others,
Necessary,session_id
Others,__smVID
Necessary,wires
Necessary,GUEST_LANGUAGE_ID
Others,COOKIE_SUPPORT
Necessary,__cfruid
Necessary,cart_sig
Necessary,secure_customer_sig
Necessary,cart_currency
Advertisment,_shopify_sa_p
Analytics,_orig_referrer
Analytics,_landing_page
Necessary,shopify_pay_redirect
Necessary,apbct_cookies_test
Others,ct_timezone
Others,ct_pointer_data
Others,ct_ps_timestamp
Others,ct_fkp_timestamp
Necessary,apbct_timestamp
Others,apbct_prev_referer
Others,cookie_consent_level
Others,_fbc
Analytics,i18n_redirected
Others,_gcl_aw
Necessary,ssupp.vid
Analytics,uncodeAI.css
Analytics,uncodeAI.images
Analytics,uncodeAI.screen
Others,uncode_privacy[consent_types]
Others,Visitor
Necessary,ci_session
Analytics,mailchimp_landing_site
Necessary,woocommerce_cart_hash
Necessary,woocommerce_items_in_cart
Analytics,messagesUtk
Others,nQ_cookieId
Others,ssi--lastInteraction
Others,ssi--sessionId
Others,LaSID
Others,LaVisitorNew
Necessary,section_data_ids
Others,store
Analytics,mage-messages
Analytics,form_key
Others,private_content_version
Others,mage-banners-cache-storage
Analytics,X-Magento-Vary
Analytics,gatsby-plugin-google-analytics-gdpr_cookies-enabled
Analytics,wp-wpml_current_language
Others,FluentLocale
Others,__adal_ses
Others,_session_id
Others,dm_total_visits
Others,dm_this_page_view
Others,dm_last_page_view
Others,dm_last_visit
Others,dm_timezone_offset
Others,cb-enabled
Others,mtc_sid
Others,mtc_id
Others,browserupdateorg
Others,django_language
Necessary,gatsby-plugin-cookiehub-banner-preferences-allowed
Necessary,gatsby-plugin-cookiehub-banner-necessary-allowed
Necessary,CRAFT_CSRF_TOKEN
Necessary,CraftSessionId
Others,trustedsite_tm_float_seen
Others,trustedsite_visit
Necessary,__csrf_token-
Analytics,utm_campaign
Analytics,utm_source
Analytics,fs_uid
Advertisment,sib_cuid
Necessary,session-
Analytics,_lfa
Necessary,CFTOKEN
Necessary,CFID
Others,marketing-enabled
Analytics,tk_lr
Analytics,tk_or
Others,woodmart_wishlist_count
Others,_lb
Analytics,vuid
Necessary,_icl_current_language
Others,player
Necessary,MATOMO_SESSID
Necessary,is_mobile
Analytics,country
Others,sc_is_visitor_unique
Others,hl
Analytics,CONSENT
Others,_tccl_visit
Others,_tccl_visitor
Others,dps_site_id
Others,__utmzzses
Necessary,tve_leads_unique
Necessary,OCSESSID
Necessary,gatsby-plugin-cookiehub-banner-uncategorized-allowed
Others,ClientId
Others,OIDC
Others,wf-csrf.sig
Others,wf-csrf
Others,fcsid
Others,poptin_user_country_code
Others,poptin_user_ip
Others,poptin_user_id
Others,poptin_old_user
Others,poptin_session
Necessary,woocommerce_recently_viewed
Necessary,Google Analytics
Others,SULUSESSID
Analytics,attribution_user_id
Others,gatsby-plugin-cookiehub-banner-analytics-allowed
Necessary,AWSELBCORS
Analytics,drift_campaign_refresh
Analytics,drift_aid
Others,CMSPreferredCulture
Others,gatsby-plugin-cookiehub-banner-marketing-allowed
Necessary,visid_incap_
Analytics,_hjAbsoluteSessionInProgress
Others,utm_medium
Others,frontend_lang
Others,__ctmid
Others,city
Others,visited
Others,visitor_id
Analytics,wpml_browser_redirect_test
Others,_icl_visitor_lang_js
Others,mautic_device_id
Necessary,ncore_session
Others,SERVERID77446
Others,_fw_crm_v
Necessary,MODsid
Others,apbct_page_hits
Others,ct_checkjs
Others,apbct_site_landing_ts
Analytics,ss_cvt
Analytics,ss_cvr
Analytics,_dd_s
Others,october_session
Others,src
Others,POWR_PRODUCTION
Others,_swa_u
Others,StoreInfo
Necessary,AWSALBTGCORS
Necessary,AWSALBTG
Analytics,_pin_unauth
Others,optiMonkSession
Others,optiMonkClient
Necessary,_vwo_sn
Analytics,zabUserId
Advertisment,ZCAMPAIGN_CSRF_TOKEN
Others,pvisitor
Others,system
Others,caf_ipaddr
Others,traffic_target
Others,abj404_solution_REQUEST_URI
Necessary,bSession
Others,nrid
Necessary,__cmpcc
Necessary,GCLB
Necessary,Cart
Necessary,cart_ts
Necessary,_tracking_consent
Others,ep201
Others,optiMonkClientId
Others,timezone
Advertisment,cto_bundle
Others,ci_sessions
Necessary,.Nop.Customer
Necessary,.Nop.Antiforgery
Analytics,LS_CSRF_TOKEN
Others,X-AB
Advertisment,yuidss
Advertisment,yabs-sid
Advertisment,ymex
Analytics,__lc_cid
Analytics,__lc_cst
Analytics,__oauth_redirect_detector
Analytics,_hjIncludedInPageviewSample
Others,CookieScriptConsent
Others,_pay_session
Analytics,_hjIncludedInSessionSample
Others,G
Others,i18next
Necessary,connect.sid
Others,is_unique
Others,is_visitor_unique
Analytics,OAID
Others,mautic_referer_id
Others,qtrans_front_language
Necessary,device_view
Others,dmvk
Others,pixel
Others,__ssid
Others,gvc
Others,__Host-js_csrf
Others,pvc_visits[0]
Necessary,cookiesession1
Others,DID
Others,ayl_visitor
Necessary,INGRESSCOOKIE
Others,pwvisitor
Others,suid
Others,uids
Necessary,csrf_token
Necessary,euconsent-v2
Others,vmuid
Others,route
Others,tlf_
Analytics,_pinterest_ct_ua
Others,did_compat
Advertisment,_tq_id.TV-
Others,PH_HPXY_CHECK
Necessary,l7_az
Others,nQ_userVisitId
Others,_mcnc
Others,ac_enable_tracking
Advertisment,SNS
Others,is_gdpr
Others,is_gdpr_b
Necessary,ARRAffinitySameSite
Analytics,_ym_visorc
Analytics,soundestID
Analytics,omnisendSessionID
Others,WFESessionId
Advertisment,ELOQUA
Others,user_id
Others,_hp2_id.
Others,_hp2_ses_props.
Necessary,CognitoIdentityServiceProvider.
Advertisment,slireg
Advertisment,sliguid
Advertisment,slirequested
Analytics,sync_cookie_csrf
Others,poptin_c_visitor
Analytics,uc_session
Analytics,_hjFirstSeen
Others,stg_traffic_source_priority
Others,stg_last_interaction
Others,stg_returning_visitor
Necessary,crisp-client/
Others,swpm_session
Necessary,ba_sid
Analytics,sync_cookie_ok
Others,muxData
Analytics,_pk_ref.
Necessary,cg_uuid
Others,data-c
Others,recordID
Others,dmSessionID
Others,smvr
Others,smuuid
Others,_smvs
Others,tl_
Others,PAPVisitorId
Advertisment,_sn_n
Advertisment,_sn_a
Others,_ueuuid
Others,__ca__chat
Others,viewer_token
Necessary,sto-id-editor
Necessary,localization
Others,googtrans
Analytics,li_gc
Analytics,loom_referral_video
Analytics,loom_anon_comment
Others,cf
Others,addevent_track_cookie
Others,is_eu
Others,_an_uid
Advertisment,_gd_visitor
Advertisment,_gd_session
Others,cb_user_id
Others,cb_group_id
Others,cb_anonymous_id
Necessary,_lscache_vary
Others,lhnRefresh
Others,lhnJWT
Others,lhnContact
Necessary,SSESS
Necessary,ga_exp_
Necessary,MySessionID
Necessary,CookiesActive
Necessary,SavedCookiesActive
Necessary,_GRECAPTCHA
Advertisment,AnalyticsSyncHistory
Others,auth.strategy
Others,tz
Others,trx_addons_is_retina
Others,__utmzz
Analytics,_website_stats
Necessary,isMobileDevice
Necessary,PermanentDownloadCode
Others,sgid
Necessary,AUTH_SESSION_ID
Others,OptanonAlertBoxClosed
Others,imbox
Others,hello_retail_id
Necessary,BIGipServer
Analytics,intercom-id-
Analytics,intercom-session-
Others,_koko_analytics_pages_viewed
Others,CloudFront-Policy
Others,CloudFront-Signature
Others,CloudFront-Key-Pair-Id
Others,site_session
Others,__Host-next-auth.csrf-token
Others,__Secure-next-auth.callback-url
Necessary,RecentRedirect
Others,cmplz_id
Analytics,hjViewportId
Others,ld_id
Others,msd365mkttr
Others,msd365mkttrs
Others,ajs_user_id
Advertisment,_uetvid_exp
Others,eng_mt
Advertisment,_uetsid_exp
Others,debug
Others,ajs_anonymous_id
Others,wistia
Others,loglevel
Necessary,LFR_SESSION_STATE_
Others,abj404_solution_REQUEST_URI_SHORT
Others,b24_crm_guest_utm
Others,b24_crm_guest_pages
Others,mf_has_cookie
Necessary,google_auto_fc_cmp_setting
Others,__paypal_storage__
Analytics,pys_landing_page
Necessary,elementor
Others,woosw_key
Others,mage-cache-timeout
Others,__kla_viewed
Others,joinchat_views
Necessary,wc_cart_created
Others,first_session
Analytics,_snow_ses.
Analytics,_snow_id.
Necessary,fedops.logger.defaultOverrides
Others,bugsnag-anonymous-id
Advertisment,google_adsense_settings
Others,tTf
Others,tADu
Advertisment,omVisitsFirst
Others,tTDe
Others,tTDu
Others,tPL
Others,tnsApp
Others,tTE
Others,tMQ
Others,t3D
Others,tADe
Others,tAE
Others,tC
Others,apbct_site_referer
Others,publishedsite-xsrf
Others,PublishedSiteSession
Others,gp_s
Others,glm_usr_tmp
Others,glm_usr
Others,websitespring-xsrf
Others,__zlcstore
Others,ZD-suid
Others,ZD-buid
Others,ZD-store
Others,_conv_v
Others,_conv_s
Analytics,i18nextLng
Analytics,tt_sessionId
Analytics,_cltk
Others,uslk_umm_
Others,callpage-widget-version
Others,ttwid
Others,ls_sid_
Others,leady_session_id
Others,ct_checked_emails
Others,ct_screen_info
Analytics,tt_appInfo
Necessary,algoliasearch-client-js
Others,omSessionStart
Others,omSessionPageviews
Others,FormsWebSessionId
Others,cmplz_user_data
Others,cmplz_policy_id
Others,cmplz_functional
Others,apbct_pixel_url
Analytics,_fs_uid
Analytics,_lfa_expiry
Others,__wpdm_client
Others,COMPASS
Others,data-c-ts
Others,NEXT_LOCALE
Others,modesy_product_
Others,squarespace-announcement-bar
Analytics,AI_sentBuffer
Analytics,AI_buffer
Others,uc_settings
Others,uc_user_country
Others,cookiefirst-id
Others,id_page
Others,cto_bundle
Others,History.store
Others,fbssls_
Others,poptin_origin_landing_page
Others,poptin_client_id
Others,poptin_every_visit_session
Others,poptin_new_user
Others,lbx_ac_easystorage
Necessary,fedops.logger.sessionId
Others,pdfjs.history
Others,nextauth.message
Others,__tt_embed__mounting
Others,__tt_embed__storage_test
Others,cmplz_preferences
Others,cmplz_statistics
Others,cmplz_marketing
Others,siqlsdb
Others,utsdb
Others,vwoSn
Others,lhnStorageType
Others,webp_lossy_supported
Others,webp_lossless_supported
Others,google_ama_settings
Others,sc_medium_source
Others,statcounter_bounce
Others,statcounter_session
Others,statcounter_config
Others,plyr
Others,cache-sprite-plyr
Others,tmr_reqNum
Advertisment,userReferer
Others,guest
Analytics,snowplowOutQueue_
Analytics,snapinsPageTime_
Analytics,snapinsPage_
Others,msToken
Necessary,cookiehub_
Others,OptiMonkVisitorAttributes
Others,cat_tracking
Others,feefoUserId
Others,nitroCachedPage
Others,_csrfToken
Analytics,WeeblyDiceRollUser
Advertisment,sn_global_countdown_last_reset_timestamp
Analytics,shopifyChatData
Others,parking_session
Others,chakra-ui-color-mode
Others,brave_page_visited
Others,wpvp1
Others,abj404_solution_REQUEST_URI_UPDATE_URL
Others,mtm_cookie_consent
Others,_tab_ids
Others,_nav_path
Others,_tab_id
Others,mv_tokens_eu-v1
Others,mv_tokens
Others,rl_user_id
Others,rl_anonymous_id
Others,rl_group_id
Others,rl_trait
Others,rl_group_trait
Others,rl_page_init_referrer
Others,Path
Others,st_shares_
Others,ip_group
Others,wf_third_party_cookie
Others,_nss
Others,li_alerts
Necessary,__session
Others,_dcid
Advertisment,zft-sdc
Analytics,zps-tgr-dts
Advertisment,klaviyoOnsite
Others,uc_ui_version
Others,OptiMonkShopAttributes
Others,ct_mouse_moved
Others,guest_id_marketing
Others,guest_id_ads
Others,expiry_partner
Necessary,ASPSESSIONID
Necessary,AWSALBAPP-1
Necessary,AWSALBAPP-2
Necessary,AWSALBAPP-3
Necessary,AWSALBAPP-0
Others,uk-img
Necessary,_CH_SID
Others,nette-browser
Others,__exponea_banner_event__
Analytics,_ym
Others,_biano
Others,ssupp_
Others,default_jx.asp
Others,sessionordine
Others,sessionord
Others,AMCVS_
Others,AMCV_
Others,_CH_SESSID
Others,shop_client_item_basketshow_mask
Others,shop_client_item_celkempocet_mask
Necessary,_cfuvid
Others,_lb_ccc
Others,sessionPersist
Others,culture
Advertisment,tis_
Others,sfpxs
Others,brz-lastVisit
Others,brz-firstVisit
Others,brz-showedPopupsInSessionTimeLine
Others,brz-sessions
Others,brz-pagesViews
Others,brz-pagesViewsInSessionTimeLine
Necessary,cf_clearance
Others,_http_accept
Others,quform_session_
Necessary,_iub_cs-
Necessary,cookielawinfo-checkbox-
Others,wp_ga4_customerGroup
Others,_li_id.
Others,_li_ses.
Others,sto-id-pages-k8s
Others,platform_app_
Others,msgsndr_id
Analytics,_hjSessionUser_
Analytics,_hjSession_
Others,jboard_tenant_session
Others,iconify-count
Others,iconify-version
Others,firebase
Necessary,ppms_privacy_
Others,visitor_id944003
Others,visitor_id944003-hash
Necessary,litespeed_docref
Others,phpbb3_
Necessary,.AspNetCore.Mvc.CookieTempDataProvider
Necessary,.Nop.Culture
Others,_lfa_consent
Necessary,keep_alive
Others,ftc_post_view_
Others,AEC
Necessary,cmplz_consented_services
Necessary,UserSettings
Necessary,.AspNetCore.Antiforgery.
Others,remixstlid
Others,omScrollHeight
Others,_no_tracky_
Others,prli_click_1
Others,prli_visitor
Others,prli_click_2
Others,fc_clicked_
Others,Hm_lvt_
Others,Hm_lpvt_
Others,mage-cache-storage
Others,product_data_storage
Others,recently_compared_product_previous
Others,recently_viewed_product
Others,recently_compared_product
Others,mage-cache-storage-section-invalidation
Others,recently_viewed_product_previous
Others,cmplz_saved_categories
Others,cmplz_saved_services
Analytics,intercom.intercom-state-
Analytics,tt_pixel_session_index
Others,_c;;i
Others,ld_session_id
Others,ld_session_origin
Advertisment,omVisits
Others,poptin_session_account_
Others,scrollPosition_
Necessary,OpenIdConnect.nonce.
Others,mz_popup_
Others,_policy
Others,section_data_clean
Others,ziwsSessionId
Others,ziwsSession
Analytics,_gac_
Others,omSeen-
Others,LAST_SCROLL_KEY-
Others,VARIANT_SELECTION_KEY-
Others,ip2location_redirection_first_visit
Others,__Secure-ENID
Others,ld_env
Others,PSecwid__
Analytics,hs-beacon-
Others,axeptio_cookies
Others,axeptio_authorized_vendors
Others,axeptio_all_vendors
Others,apbct_headless
Others,fp_ccid
Others,fp_sid
Others,gp_e
Necessary,__RequestVerificationToken_
Others,https
Others,popupsmart_
Others,uesign
Others,landingpage
Others,posts-view-
Necessary,incap_ses_
Others,chatyWidget_0
Others,activechatyWidgets
Necessary,nlbi_
Others,woodmart_recently_viewed_products
Others,pf_ptc_
Others,searchsort
Others,_splunk_rum_sid
Analytics,burst_uid
Others,ct_cookies_type
Analytics,instap-spses.
Analytics,instap-spid.
Others,_pctx
Others,last_visited_store
Others,data-timeout
Analytics,pys_session_limit
Analytics,pys_start_session
Analytics,pys_first_visit
Analytics,pysTrafficSource
Analytics,last_pysTrafficSource
Analytics,last_pys_landing_page
Necessary,cookieyes-consent
Others,dreamdataio.
Others,u_sclid
Others,u_scsid
Others,squarespace-video-player-options
Others,HASSESSION
Others,_pcid
Others,am_tokens
Others,am_tokens_eu-v1
Necessary,mtm_consent
Others,mailerlite
Analytics,_fs_tab_id
Others,rl_session
Others,uw-icon-locales
Others,tqb-impression-
Others,tf_respondent_cc
Others,lastsearchpage
Others,SkarabeeCMS-search
Others,SkarabeeCMS-search-results
Others,ultp_view_
Necessary,wp_woocommerce_session_
Others,wc_session_ids
Others,leadform_
Analytics,DEVICE_INFO
Others,__upsales_v_
Others,yotpo_pixel
Analytics,intercom-device-id-
Others,__rtbh.lid
Others,luigisbox_enabled
Others,gigs_sid
Others,storeApiNonce
Others,proof-factor-user-
Others,used_ad
Analytics,powr_chat_show_for_
Analytics,powr_chat_show_after_
Necessary,_cmp_a
Others,WP_SESSION_COOKIE
Others,SSC_SS-
Others,SN_SS-
Others,AVPUID
Others,apbct_session_id
Others,apbct_visible_fields
Others,_cX_atfr
Analytics,ahoy_unique_
Analytics,_hjIncludedInSessionSample_
Advertisment,arcki2_ddp2
Necessary,wc_fragments_
Necessary,wc_cart_hash_
Others,wcb_
Analytics,SOCS
Others,breakdance_view_count
Others,breakdance_session_count
Others,breakdance_last_session_id
Others,tmary
Others,tv_UICR
Others,cee
Others,tuid
Analytics,elfsight_viewed_recently
Others,proof-factor-
Others,giosg_chat_id_
Others,_snrs_
Others,uc_user_interaction
Advertisment,_at.hist.
Analytics,powr_modal_
Others,cz_s_l_secure_code
Others,_scid_r
Others,u_sclid_r
Others,u_scsid_r
Analytics,sentryReplaySession
Others,gtmBrowserId
Others,cmplz_cookie_data
Others,CookieConsentPolicy
Others,LSKey-c$CookieConsentPolicy
Analytics,hjActiveViewportIds
Others,TAsessionID
Necessary,@@scroll|/
Necessary,PrestaShop-
Necessary,NRBA_SESSION
Others,mapbox.eventData
Others,BrevoConversations.clientId
Others,BrevoConversations.referrer
Others,BrevoConversations.lastPageViewAt
Others,poptin_o_
Others,pwh_dcfh_uniqueviews_
Others,_zitok
Others,unifiedScriptVerified
Analytics,zpsfa_
Others,FPGSID
Others,gaDomain-
Necessary,.AspNetCore.OpenIdConnect.Nonce.
Advertisment,sa-user-id-v3
Analytics,pbid
Others,bot_detector_pointer_data
Others,bot_detector_event_token
Others,bot_detector_user_agent
Others,bot_detector_screen_info
Others,bot_detector_page_hits
Others,bot_detector_headless
Others,bot_detector_browser_supports_cookies
Others,bot_detector_referrer
Others,bot_detector_referrer_previous
Others,_fuid
Analytics,fs_lua
Analytics,_fs_lua
Others,nitro_prefetched_urls
Analytics,ph_phc_
Analytics,__ym_tab_guid
Others,rudder.
Analytics,hijiffy_track_uuid_
Analytics,hijiffy_track_wid_
Others,itsec-hb-login-
Others,fm_cookie_
Advertisment,gid_CAESE
Others,sp-camp-
Advertisment,ins-
Necessary,wpEmojiSettingsSupports
Necessary,firestore_zombie_firestore
Others,HAPLB8G
Others,poptin_previous_url
Analytics,yp
Others,wishlist_cleared_time
Others,conv_rand
Advertisment,lastExternalReferrer
Advertisment,lastExternalReferrerTime
Others,_gtmeec
Others,_sm_bot
Others,_sm_bot_verify
Advertisment,yashr
Others,apbct_session_current_page
Others,mrkrui
Others,lantern
Others,__klarna_sdk_version
Others,__klarna_sdk_identity-api
Others,dicbo_id
Others,gigsCheckout
Others,__ph_opt_in_out_phc_yaSzHmIE6rwEQNlL83GwXvdKzCMEQXsBZ3Q9AaNcMpR
Others,gigsSignInData
Others,session-details
Others,hidecta
Others,cn_uc__
Others,df-random-userid
Others,sf-pxs
Others,om-country
Others,iconify0
Advertisment,receive-cookie-deprecation
Others,df-session
Others,TERMLY_API_CACHE
Necessary,hmt_id
Advertisment,klaviyoPagesVisitCount
Others,what-intent
Others,bot_detector_mouse_moved
Others,gt_autoswitch
Others,_lb_id
Others,sb_wiz.zpc.gws-wiz.
Analytics,vwo_apm_sent
Advertisment,__eoi
Others,lander_type
Others,__klarna_sdk_default-config
Others,_scc_session
Necessary,_shopify_essential
Others,_cohortId
Others,PVID
Others,apbct_iframes_protected
Others,metagenics_custom_language_checked
Others,udid
Others,dmrpreadcookie_
Others,cookie_lan
Others,GCL_AW_P
Others,VP
Others,_reb2buid
Others,_reb2bsessionID
Others,_reb2bgeo
Necessary,CognitoIdentityServiceProvider
Others,domain_sid
Necessary,wp_consent_functional
Necessary,cookiehub-ac
Others,mf_user
Others,mf_initialDomQueue
Others,mf_transmitQueue
Others,BrevoConversations.hostedItems
Necessary,wp_consent_statistics
Necessary,wp_consent_marketing
Others,uw-uid
Analytics,__mpq
Necessary,displayColumns
Necessary,sesc
Necessary,bm
Others,adroll_flgs
Advertisment,eventQueue
Advertisment,apolloAnonId
Others,aws-waf-token
Others,adcpers
Necessary,IBM_WAC_SESSION_
Others,adroll_dqs
Others,mage-customer-login
Others,email
Necessary,_ks_shopSettings
Necessary,gccmk
Necessary,v_save
Others,lan
Others,ucString
Others,ucData
Others,szn
Others,odStorageLockTime
Others,website
Others,cookieEnab
Necessary,wp_consent_preferences
Necessary,wp_consent_statistics-anonymous
Necessary,housfy_form_first_step_
Others,g2tracking
Others,ca-bookvisit-ibe
Others,SharedSessionId
Necessary,lscache-
Others,internalTrackingId
Others,om-ip_block
Others,tt_appInfo_v2
Others,wg-translations
Others,wg-translations-version
Necessary,housfy_experiment_
Others,wpr_guest_token
Others,poptin_last_visit
Others,poptin_all_visited_pages
Others,poptin_custom_new_visitor_session
Others,chatbase_anon_id
Others,df-cookies-allowed
Analytics,zsr
Analytics,zsd
Others,ct_checked_emails_exist
Advertisment,kl-post-identification-sync
Necessary,server-session-bind
Advertisment,__kl_key
Advertisment,_gcl_ls
Others,userconsent
Others,uw-tunings-checksum
Others,uw-tunings
Others,wpcf7_guest_user_id
Others,bot_detector_webgl_support
Advertisment,__ktpct
Others,ufvd
Others,ea11y-global-state
Necessary,checkout_session_token__
Others,storeApiCartData
Others,mpaSessionId
Others,ttcsid
Others,feh--
Others,WMF-Uniq
Necessary,_shop_app_essential
Others,__kla_viewed_reviewed_items
Others,matrix_talent_pooling_system_session
Others,mp_tab_id_mixpanel_904bdada7831fe79c425b3a61c09df7f
Others,mp_gen_new_tab_id_mixpanel_904bdada7831fe79c425b3a61c09df7f
Others,sync_cookie_csrf_secondary
Others,sync_cookie_ok_secondary
Analytics,optimizely_data
Others,TS014f319e
Others,TS6e63fb46027
Necessary,geForterToken_
Others,klaviyoPagesVisitCountV2
Others,campaign-track
Others,campaign-timer
Others,ttclid
Others,eviivo_lang
Others,topicsLastReferenceTime
